{
    "checkpoint_path": "dijet_expts/run_supervised_avg_seed256_20260121_121541/checkpoints/anomaly_detector_epoch=47_val_loss=0.0997.ckpt",
    "evaluation_timestamp": "20260203_101448",
    "metrics": {
        "roc_auc": 0.9499733324999999,
        "average_precision": 0.8752805806476194,
        "accuracy": 0.91974,
        "sensitivity": 0.71384,
        "specificity": 0.971215,
        "threshold_used": 0.5,
        "optimal_threshold": 0.13960036635398865,
        "confusion_matrix": [
            [
                194243,
                5757
            ],
            [
                14308,
                35692
            ]
        ],
        "classification_report": {
            "Background": {
                "precision": 0.9313932803007418,
                "recall": 0.971215,
                "f1-score": 0.9508874045100857,
                "support": 200000.0
            },
            "Signal": {
                "precision": 0.8611064199377548,
                "recall": 0.71384,
                "f1-score": 0.7805880873492329,
                "support": 50000.0
            },
            "accuracy": 0.91974,
            "macro avg": {
                "precision": 0.8962498501192483,
                "recall": 0.8425275000000001,
                "f1-score": 0.8657377459296594,
                "support": 250000.0
            },
            "weighted avg": {
                "precision": 0.9173359082281444,
                "recall": 0.91974,
                "f1-score": 0.9168275410779151,
                "support": 250000.0
            }
        },
        "n_samples": 250000,
        "n_signal": 50000,
        "n_background": 200000
    },
    "device": "cuda:0"
}