{
    "checkpoint_path": "dijet_expts/run_supervised_avg_seed2_20260121_121143/checkpoints/anomaly_detector_epoch=51_val_loss=0.0924.ckpt",
    "evaluation_timestamp": "20260203_101200",
    "metrics": {
        "roc_auc": 0.9475281536,
        "average_precision": 0.8706558914401772,
        "accuracy": 0.919908,
        "sensitivity": 0.73586,
        "specificity": 0.96592,
        "threshold_used": 0.5,
        "optimal_threshold": 0.141580730676651,
        "confusion_matrix": [
            [
                193184,
                6816
            ],
            [
                13207,
                36793
            ]
        ],
        "classification_report": {
            "Background": {
                "precision": 0.936009806629165,
                "recall": 0.96592,
                "f1-score": 0.950729715963198,
                "support": 200000.0
            },
            "Signal": {
                "precision": 0.843701988121718,
                "recall": 0.73586,
                "f1-score": 0.786099627172601,
                "support": 50000.0
            },
            "accuracy": 0.919908,
            "macro avg": {
                "precision": 0.8898558973754416,
                "recall": 0.8508899999999999,
                "f1-score": 0.8684146715678995,
                "support": 250000.0
            },
            "weighted avg": {
                "precision": 0.9175482429276756,
                "recall": 0.919908,
                "f1-score": 0.9178036982050785,
                "support": 250000.0
            }
        },
        "n_samples": 250000,
        "n_signal": 50000,
        "n_background": 200000
    },
    "device": "cuda:0"
}