{
    "best_model_path": "/.automount/home/home__home3/institut_thp/soshaw/AnomalyDetection/dijet_expts/run_20260201_114437/checkpoints/anomaly_detector_epoch=47_val_loss=0.0977.ckpt",
    "best_model_score": 0.09771261364221573,
    "current_epoch": 407,
    "global_step": 1000000,
    "training_completed": true,
    "timestamp_end": "2026-02-02T06:04:36.655514",
    "final_metrics": {
        "train_loss": 1.89102262737606e-08,
        "train_loss_step": -0.0,
        "train_acc": 1.0,
        "train_acc_step": 1.0,
        "val_loss": 1.5803662538528442,
        "val_loss_epoch": 1.5803662538528442,
        "val_acc": 0.9827555418014526,
        "val_acc_epoch": 0.9827555418014526,
        "val_auc": 0.9916462302207947,
        "train_loss_epoch": 1.89102262737606e-08,
        "train_acc_epoch": 1.0,
        "epoch_train_duration_minutes": 0.7024490833282471
    }
}