{
    "checkpoint_path": "logs/run_weak_10k_wloss_seed17_20251223_111100/checkpoints/anomaly_detector_epoch=81_val_loss=0.6809.ckpt",
    "evaluation_timestamp": "20251224_121226",
    "metrics": {
        "roc_auc": 0.94184677235,
        "average_precision": 0.8666216842298351,
        "accuracy": 0.821276,
        "sensitivity": 0.92016,
        "specificity": 0.796555,
        "threshold_used": 0.5,
        "optimal_threshold": 0.5223984718322754,
        "confusion_matrix": [
            [
                159311,
                40689
            ],
            [
                3992,
                46008
            ]
        ],
        "classification_report": {
            "Background": {
                "precision": 0.9755546438216077,
                "recall": 0.796555,
                "f1-score": 0.8770145030456671,
                "support": 200000.0
            },
            "Signal": {
                "precision": 0.5306758019308626,
                "recall": 0.92016,
                "f1-score": 0.6731384009890488,
                "support": 50000.0
            },
            "accuracy": 0.821276,
            "macro avg": {
                "precision": 0.7531152228762352,
                "recall": 0.8583575,
                "f1-score": 0.7750764520173579,
                "support": 250000.0
            },
            "weighted avg": {
                "precision": 0.8865788754434587,
                "recall": 0.821276,
                "f1-score": 0.8362392826343434,
                "support": 250000.0
            }
        },
        "n_samples": 250000,
        "n_signal": 50000,
        "n_background": 200000
    },
    "device": "cuda:0"
}