{
    "best_model_path": "/.automount/home/home__home3/institut_thp/soshaw/AnomalyDetection/logs/run_20251224_180656/checkpoints/anomaly_detector_epoch=301_val_loss=0.6927.ckpt",
    "best_model_score": 0.6926612257957458,
    "current_epoch": 303,
    "global_step": 1000000,
    "training_completed": true,
    "timestamp_end": "2025-12-25T06:49:03.768583",
    "final_metrics": {
        "train_loss": 0.693392813205719,
        "train_loss_step": 0.7031772136688232,
        "train_acc": 0.5173999071121216,
        "train_acc_step": 0.546875,
        "val_loss": 0.6926612257957458,
        "val_loss_epoch": 0.6926612257957458,
        "val_acc": 0.5170750617980957,
        "val_acc_epoch": 0.5170750617980957,
        "val_auc": 0.50560063123703,
        "train_loss_epoch": 0.693392813205719,
        "train_acc_epoch": 0.5173999071121216,
        "epoch_train_duration_minutes": 1.2186986207962036
    }
}