{
    "best_model_path": "/.automount/home/home__home3/institut_thp/soshaw/AnomalyDetection/logs/run_20251229_122028/checkpoints/anomaly_detector_epoch=299_val_loss=0.6914.ckpt",
    "best_model_score": 0.6914145350456238,
    "current_epoch": 300,
    "global_step": 1000000,
    "training_completed": true,
    "timestamp_end": "2025-12-29T23:28:57.664849",
    "final_metrics": {
        "train_loss": 0.6920785307884216,
        "train_loss_step": 0.700905442237854,
        "train_acc": 0.5706082582473755,
        "train_acc_step": 0.5,
        "val_loss": 0.6914145350456238,
        "val_loss_epoch": 0.6914145350456238,
        "val_acc": 0.5746338963508606,
        "val_acc_epoch": 0.5746338963508606,
        "val_auc": 0.5157442092895508,
        "train_loss_epoch": 0.6920785307884216,
        "train_acc_epoch": 0.5706082582473755,
        "epoch_train_duration_minutes": 0.9788498282432556
    }
}