{
    "checkpoint_path": "dijet_expts/run_supervised_weightedsum_seed42_20260201_142803/checkpoints/anomaly_detector_epoch=47_val_loss=0.0942.ckpt",
    "evaluation_timestamp": "20260209_155955",
    "metrics": {
        "roc_auc": 0.99321787775,
        "average_precision": 0.9815787169526154,
        "accuracy": 0.970028,
        "sensitivity": 0.9531,
        "specificity": 0.97426,
        "threshold_used": 0.5,
        "optimal_threshold": 0.41775694489479065,
        "confusion_matrix": [
            [
                194852,
                5148
            ],
            [
                2345,
                47655
            ]
        ],
        "classification_report": {
            "Background": {
                "precision": 0.9881083383621455,
                "recall": 0.97426,
                "f1-score": 0.981135305654373,
                "support": 200000.0
            },
            "Signal": {
                "precision": 0.9025055394579854,
                "recall": 0.9531,
                "f1-score": 0.9271130219935216,
                "support": 50000.0
            },
            "accuracy": 0.970028,
            "macro avg": {
                "precision": 0.9453069389100655,
                "recall": 0.96368,
                "f1-score": 0.9541241638239473,
                "support": 250000.0
            },
            "weighted avg": {
                "precision": 0.9709877785813135,
                "recall": 0.970028,
                "f1-score": 0.9703308489222028,
                "support": 250000.0
            }
        },
        "n_samples": 250000,
        "n_signal": 50000,
        "n_background": 200000
    },
    "device": "cuda:2"
}