{
    "checkpoint_path": "logs/run_weak_5k_wloss_seed2_20251223_142921/checkpoints/anomaly_detector_epoch=242_val_loss=0.6917.ckpt",
    "evaluation_timestamp": "20251224_122234",
    "metrics": {
        "roc_auc": 0.77000399105,
        "average_precision": 0.5376470345899578,
        "accuracy": 0.731868,
        "sensitivity": 0.63232,
        "specificity": 0.756755,
        "threshold_used": 0.5,
        "optimal_threshold": 0.5002631545066833,
        "confusion_matrix": [
            [
                151351,
                48649
            ],
            [
                18384,
                31616
            ]
        ],
        "classification_report": {
            "Background": {
                "precision": 0.8916899873331958,
                "recall": 0.756755,
                "f1-score": 0.8186998796435285,
                "support": 200000.0
            },
            "Signal": {
                "precision": 0.3938952220768704,
                "recall": 0.63232,
                "f1-score": 0.48541050934633245,
                "support": 50000.0
            },
            "accuracy": 0.731868,
            "macro avg": {
                "precision": 0.6427926047050331,
                "recall": 0.6945375,
                "f1-score": 0.6520551944949304,
                "support": 250000.0
            },
            "weighted avg": {
                "precision": 0.7921310342819307,
                "recall": 0.731868,
                "f1-score": 0.7520420055840893,
                "support": 250000.0
            }
        },
        "n_samples": 250000,
        "n_signal": 50000,
        "n_background": 200000
    },
    "device": "cuda:0"
}