{
    "best_model_path": "/.automount/home/home__home3/institut_thp/soshaw/AnomalyDetection/dijet_expts/run_20260203_022016/checkpoints/anomaly_detector_epoch=71_val_loss=0.0955.ckpt",
    "best_model_score": 0.09546560794115067,
    "current_epoch": 407,
    "global_step": 1000000,
    "training_completed": true,
    "timestamp_end": "2026-02-03T21:58:43.720051",
    "final_metrics": {
        "train_loss": 2.9514413313336263e-07,
        "train_loss_step": -0.0,
        "train_acc": 1.0,
        "train_acc_step": 1.0,
        "val_loss": 0.9933982491493225,
        "val_loss_epoch": 0.9933982491493225,
        "val_acc": 0.9818814992904663,
        "val_acc_epoch": 0.9818814992904663,
        "val_auc": 0.9879360198974609,
        "train_loss_epoch": 2.9514413313336263e-07,
        "train_acc_epoch": 1.0,
        "epoch_train_duration_minutes": 0.7745455503463745
    }
}