{
    "checkpoint_path": "logs/run_weak_5k_wloss_seed17_20251223_143006/checkpoints/anomaly_detector_epoch=249_val_loss=0.6928.ckpt",
    "evaluation_timestamp": "20251224_123649",
    "metrics": {
        "roc_auc": 0.7631836528,
        "average_precision": 0.5337232242850036,
        "accuracy": 0.687292,
        "sensitivity": 0.69378,
        "specificity": 0.68567,
        "threshold_used": 0.5,
        "optimal_threshold": 0.5024574398994446,
        "confusion_matrix": [
            [
                137134,
                62866
            ],
            [
                15311,
                34689
            ]
        ],
        "classification_report": {
            "Background": {
                "precision": 0.8995637770999377,
                "recall": 0.68567,
                "f1-score": 0.7781866674232859,
                "support": 200000.0
            },
            "Signal": {
                "precision": 0.35558402952180823,
                "recall": 0.69378,
                "f1-score": 0.4701839991867439,
                "support": 50000.0
            },
            "accuracy": 0.687292,
            "macro avg": {
                "precision": 0.6275739033108729,
                "recall": 0.6897249999999999,
                "f1-score": 0.6241853333050149,
                "support": 250000.0
            },
            "weighted avg": {
                "precision": 0.7907678275843119,
                "recall": 0.687292,
                "f1-score": 0.7165861337759775,
                "support": 250000.0
            }
        },
        "n_samples": 250000,
        "n_signal": 50000,
        "n_background": 200000
    },
    "device": "cuda:0"
}