{
    "best_model_path": "/.automount/home/home__home3/institut_thp/soshaw/AnomalyDetection/logs/run_20251224_181054/checkpoints/anomaly_detector_epoch=276_val_loss=0.6932.ckpt",
    "best_model_score": 0.6932117342948914,
    "current_epoch": 303,
    "global_step": 1000000,
    "training_completed": true,
    "timestamp_end": "2025-12-25T07:01:03.917861",
    "final_metrics": {
        "train_loss": 0.6933985948562622,
        "train_loss_step": 0.728480875492096,
        "train_acc": 0.585830569267273,
        "train_acc_step": 0.5625,
        "val_loss": 0.6932386755943298,
        "val_loss_epoch": 0.6932386755943298,
        "val_acc": 0.5881346464157104,
        "val_acc_epoch": 0.5881346464157104,
        "val_auc": 0.5074109435081482,
        "train_loss_epoch": 0.6933985948562622,
        "train_acc_epoch": 0.585830569267273,
        "epoch_train_duration_minutes": 1.171397089958191
    }
}