{
    "best_model_path": "/.automount/home/home__home3/institut_thp/soshaw/AnomalyDetection/dijet_expts/run_20260120_010713/checkpoints/anomaly_detector_epoch=45_val_loss=0.0992.ckpt",
    "best_model_score": 0.09918212890625,
    "current_epoch": 407,
    "global_step": 1000000,
    "training_completed": true,
    "timestamp_end": "2026-01-21T00:24:23.016987",
    "final_metrics": {
        "train_loss": 1.9025875985789753e-08,
        "train_loss_step": -0.0,
        "train_acc": 1.0,
        "train_acc_step": 1.0,
        "val_loss": 1.919358253479004,
        "val_loss_epoch": 1.919358253479004,
        "val_acc": 0.9810370206832886,
        "val_acc_epoch": 0.9810370206832886,
        "val_auc": 0.9878621697425842,
        "train_loss_epoch": 1.9025875985789753e-08,
        "train_acc_epoch": 1.0,
        "epoch_train_duration_minutes": 0.8219046592712402
    }
}