{
    "best_model_path": "/.automount/home/home__home3/institut_thp/soshaw/AnomalyDetection/logs/run_20251224_114642/checkpoints/anomaly_detector_epoch=179_val_loss=0.6803.ckpt",
    "best_model_score": 0.6802951693534851,
    "current_epoch": 295,
    "global_step": 1000000,
    "training_completed": true,
    "timestamp_end": "2025-12-25T01:06:25.806868",
    "final_metrics": {
        "train_loss": 0.662989616394043,
        "train_loss_step": 0.6832778453826904,
        "train_acc": 0.6450160145759583,
        "train_acc_step": 0.671875,
        "val_loss": 0.7012881636619568,
        "val_loss_epoch": 0.7012881636619568,
        "val_acc": 0.6189354658126831,
        "val_acc_epoch": 0.6189354658126831,
        "val_auc": 0.5254228711128235,
        "train_loss_epoch": 0.662989616394043,
        "train_acc_epoch": 0.6450160145759583,
        "epoch_train_duration_minutes": 1.7047159671783447
    }
}