{
    "checkpoint_path": "dijet_expts/run_supervised_avg_seed42_20260121_121353/checkpoints/anomaly_detector_epoch=33_val_loss=0.0939.ckpt",
    "evaluation_timestamp": "20260209_161736",
    "metrics": {
        "roc_auc": 0.9929544871499999,
        "average_precision": 0.9806594142554521,
        "accuracy": 0.969216,
        "sensitivity": 0.95028,
        "specificity": 0.97395,
        "threshold_used": 0.5,
        "optimal_threshold": 0.4441421627998352,
        "confusion_matrix": [
            [
                194790,
                5210
            ],
            [
                2486,
                47514
            ]
        ],
        "classification_report": {
            "Background": {
                "precision": 0.9873983657413978,
                "recall": 0.97395,
                "f1-score": 0.9806280772057713,
                "support": 200000.0
            },
            "Signal": {
                "precision": 0.9011835217358318,
                "recall": 0.95028,
                "f1-score": 0.9250807990343055,
                "support": 50000.0
            },
            "accuracy": 0.969216,
            "macro avg": {
                "precision": 0.9442909437386149,
                "recall": 0.962115,
                "f1-score": 0.9528544381200383,
                "support": 250000.0
            },
            "weighted avg": {
                "precision": 0.9701553969402846,
                "recall": 0.969216,
                "f1-score": 0.9695186215714781,
                "support": 250000.0
            }
        },
        "n_samples": 250000,
        "n_signal": 50000,
        "n_background": 200000
    },
    "device": "cuda:2"
}