{
    "best_model_path": "/.automount/home/home__home3/institut_thp/soshaw/AnomalyDetection/dijet_expts/run_20260121_121515/checkpoints/anomaly_detector_epoch=53_val_loss=0.0970.ckpt",
    "best_model_score": 0.09697632491588593,
    "current_epoch": 407,
    "global_step": 1000000,
    "training_completed": true,
    "timestamp_end": "2026-01-22T11:01:29.204747",
    "final_metrics": {
        "train_loss": 2.2160133728021947e-09,
        "train_loss_step": -0.0,
        "train_acc": 1.0,
        "train_acc_step": 1.0,
        "val_loss": 1.2869588136672974,
        "val_loss_epoch": 1.2869588136672974,
        "val_acc": 0.9817925691604614,
        "val_acc_epoch": 0.9817925691604614,
        "val_auc": 0.9884300827980042,
        "train_loss_epoch": 2.2160133728021947e-09,
        "train_acc_epoch": 1.0,
        "epoch_train_duration_minutes": 0.8082830905914307
    }
}