{
    "best_model_path": "/.automount/home/home__home3/institut_thp/soshaw/AnomalyDetection/dijet_expts/run_20260203_114804/checkpoints/anomaly_detector_epoch=21_val_loss=0.1003.ckpt",
    "best_model_score": 0.10031422227621078,
    "current_epoch": 407,
    "global_step": 1000000,
    "training_completed": true,
    "timestamp_end": "2026-02-04T06:26:03.852065",
    "final_metrics": {
        "train_loss": 5.23862064838454e-10,
        "train_loss_step": -0.0,
        "train_acc": 1.0,
        "train_acc_step": 1.0,
        "val_loss": 1.167251467704773,
        "val_loss_epoch": 1.167251467704773,
        "val_acc": 0.98065185546875,
        "val_acc_epoch": 0.98065185546875,
        "val_auc": 0.9875078797340393,
        "train_loss_epoch": 5.23862064838454e-10,
        "train_acc_epoch": 1.0,
        "epoch_train_duration_minutes": 0.6412956714630127
    }
}