{
    "best_model_path": "/.automount/home/home__home3/institut_thp/soshaw/AnomalyDetection/logs/run_20251203_132856/checkpoints/anomaly_detector_epoch=280_val_loss=0.6302.ckpt",
    "best_model_score": 0.6301624774932861,
    "current_epoch": 303,
    "global_step": 1000000,
    "training_completed": true,
    "timestamp_end": "2025-12-04T05:37:32.393252",
    "final_metrics": {
        "train_loss": 0.6277459859848022,
        "train_loss_step": 0.5942914485931396,
        "train_acc": 0.6636419296264648,
        "train_acc_step": 0.703125,
        "val_loss": 0.6301701068878174,
        "val_loss_epoch": 0.6301701068878174,
        "val_acc": 0.6608167886734009,
        "val_acc_epoch": 0.6608167886734009,
        "val_auc": 0.504143476486206,
        "train_loss_epoch": 0.6277459859848022,
        "train_acc_epoch": 0.6636419296264648,
        "epoch_train_duration_minutes": 1.759950041770935
    }
}