{
    "checkpoint_path": "logs/run_5k_seed256_20251229_122028/checkpoints/anomaly_detector_epoch=299_val_loss=0.6914.ckpt",
    "evaluation_timestamp": "20260103_140053",
    "metrics": {
        "roc_auc": 0.7929462148499999,
        "average_precision": 0.5855881688695067,
        "accuracy": 0.712188,
        "sensitivity": 0.73208,
        "specificity": 0.707215,
        "threshold_used": 0.5,
        "optimal_threshold": 0.5027367472648621,
        "confusion_matrix": [
            [
                141443,
                58557
            ],
            [
                13396,
                36604
            ]
        ],
        "classification_report": {
            "Background": {
                "precision": 0.91348432888355,
                "recall": 0.707215,
                "f1-score": 0.7972235295443849,
                "support": 200000.0
            },
            "Signal": {
                "precision": 0.3846533769086075,
                "recall": 0.73208,
                "f1-score": 0.5043227864233506,
                "support": 50000.0
            },
            "accuracy": 0.712188,
            "macro avg": {
                "precision": 0.6490688528960787,
                "recall": 0.7196475,
                "f1-score": 0.6507731579838678,
                "support": 250000.0
            },
            "weighted avg": {
                "precision": 0.8077181384885614,
                "recall": 0.712188,
                "f1-score": 0.738643380920178,
                "support": 250000.0
            }
        },
        "n_samples": 250000,
        "n_signal": 50000,
        "n_background": 200000
    },
    "device": "cuda:0"
}