{
    "checkpoint_path": "dijet_expts/run_supervised_avg_seed42_20260121_121353/checkpoints/anomaly_detector_epoch=33_val_loss=0.0939.ckpt",
    "evaluation_timestamp": "20260203_101311",
    "metrics": {
        "roc_auc": 0.9393099820999999,
        "average_precision": 0.8605099741540905,
        "accuracy": 0.91464,
        "sensitivity": 0.6851,
        "specificity": 0.972025,
        "threshold_used": 0.5,
        "optimal_threshold": 0.10088835656642914,
        "confusion_matrix": [
            [
                194405,
                5595
            ],
            [
                15745,
                34255
            ]
        ],
        "classification_report": {
            "Background": {
                "precision": 0.925077325719724,
                "recall": 0.972025,
                "f1-score": 0.9479702547848348,
                "support": 200000.0
            },
            "Signal": {
                "precision": 0.8595984943538268,
                "recall": 0.6851,
                "f1-score": 0.7624930439621591,
                "support": 50000.0
            },
            "accuracy": 0.91464,
            "macro avg": {
                "precision": 0.8923379100367754,
                "recall": 0.8285625000000001,
                "f1-score": 0.8552316493734969,
                "support": 250000.0
            },
            "weighted avg": {
                "precision": 0.9119815594465446,
                "recall": 0.91464,
                "f1-score": 0.9108748126202997,
                "support": 250000.0
            }
        },
        "n_samples": 250000,
        "n_signal": 50000,
        "n_background": 200000
    },
    "device": "cuda:0"
}