{
    "best_model_path": "/.automount/home/home__home3/institut_thp/soshaw/AnomalyDetection/dijet_expts/run_20260121_121353/checkpoints/anomaly_detector_epoch=33_val_loss=0.0939.ckpt",
    "best_model_score": 0.09392993897199631,
    "current_epoch": 407,
    "global_step": 1000000,
    "training_completed": true,
    "timestamp_end": "2026-01-22T11:01:50.706817",
    "final_metrics": {
        "train_loss": 2.499994378180048e-10,
        "train_loss_step": -0.0,
        "train_acc": 1.0,
        "train_acc_step": 1.0,
        "val_loss": 1.6544830799102783,
        "val_loss_epoch": 1.6544830799102783,
        "val_acc": 0.9817481637001038,
        "val_acc_epoch": 0.9817481637001038,
        "val_auc": 0.991746723651886,
        "train_loss_epoch": 2.499994378180048e-10,
        "train_acc_epoch": 1.0,
        "epoch_train_duration_minutes": 0.8084812760353088
    }
}