{
    "checkpoint_path": "dijet_expts/run_supervised_concat_seed42_20260120_010550/checkpoints/anomaly_detector_epoch=40_val_loss=0.0931.ckpt",
    "evaluation_timestamp": "20260203_100907",
    "metrics": {
        "roc_auc": 0.9503031929499999,
        "average_precision": 0.8762802458870755,
        "accuracy": 0.919736,
        "sensitivity": 0.7064,
        "specificity": 0.97307,
        "threshold_used": 0.5,
        "optimal_threshold": 0.07085414975881577,
        "confusion_matrix": [
            [
                194614,
                5386
            ],
            [
                14680,
                35320
            ]
        ],
        "classification_report": {
            "Background": {
                "precision": 0.9298594321863025,
                "recall": 0.97307,
                "f1-score": 0.9509741164053224,
                "support": 200000.0
            },
            "Signal": {
                "precision": 0.867685353510539,
                "recall": 0.7064,
                "f1-score": 0.7787797940599299,
                "support": 50000.0
            },
            "accuracy": 0.919736,
            "macro avg": {
                "precision": 0.8987723928484208,
                "recall": 0.839735,
                "f1-score": 0.8648769552326261,
                "support": 250000.0
            },
            "weighted avg": {
                "precision": 0.9174246164511498,
                "recall": 0.919736,
                "f1-score": 0.916535251936244,
                "support": 250000.0
            }
        },
        "n_samples": 250000,
        "n_signal": 50000,
        "n_background": 200000
    },
    "device": "cuda:0"
}