{
    "best_model_path": "/.automount/home/home__home3/institut_thp/soshaw/AnomalyDetection/logs/run_20251203_132838/checkpoints/anomaly_detector_epoch=215_val_loss=0.6297.ckpt",
    "best_model_score": 0.6297032237052917,
    "current_epoch": 300,
    "global_step": 1000000,
    "training_completed": true,
    "timestamp_end": "2025-12-04T05:49:10.906073",
    "final_metrics": {
        "train_loss": 0.625577986240387,
        "train_loss_step": 0.6391825675964355,
        "train_acc": 0.6640933156013489,
        "train_acc_step": 0.640625,
        "val_loss": 0.6313038468360901,
        "val_loss_epoch": 0.6313038468360901,
        "val_acc": 0.6597267985343933,
        "val_acc_epoch": 0.6597267985343933,
        "val_auc": 0.5232089757919312,
        "train_loss_epoch": 0.625577986240387,
        "train_acc_epoch": 0.6640933156013489,
        "epoch_train_duration_minutes": 2.02474045753479
    }
}