{
    "checkpoint_path": "dijet_expts/run_supervised_concat_seed256_20260120_010925/checkpoints/anomaly_detector_epoch=46_val_loss=0.0965.ckpt",
    "evaluation_timestamp": "20260203_101116",
    "metrics": {
        "roc_auc": 0.9515845548,
        "average_precision": 0.8757912616861152,
        "accuracy": 0.913468,
        "sensitivity": 0.6336,
        "specificity": 0.983435,
        "threshold_used": 0.5,
        "optimal_threshold": 0.031811945140361786,
        "confusion_matrix": [
            [
                196687,
                3313
            ],
            [
                18320,
                31680
            ]
        ],
        "classification_report": {
            "Background": {
                "precision": 0.9147934718404517,
                "recall": 0.983435,
                "f1-score": 0.9478731684043884,
                "support": 200000.0
            },
            "Signal": {
                "precision": 0.9053239219272425,
                "recall": 0.6336,
                "f1-score": 0.7454731566128975,
                "support": 50000.0
            },
            "accuracy": 0.913468,
            "macro avg": {
                "precision": 0.9100586968838471,
                "recall": 0.8085175,
                "f1-score": 0.846673162508643,
                "support": 250000.0
            },
            "weighted avg": {
                "precision": 0.9128995618578097,
                "recall": 0.913468,
                "f1-score": 0.9073931660460902,
                "support": 250000.0
            }
        },
        "n_samples": 250000,
        "n_signal": 50000,
        "n_background": 200000
    },
    "device": "cuda:0"
}