{
    "best_model_path": "/.automount/home/home__home3/institut_thp/soshaw/AnomalyDetection/dijet_expts/run_20260120_010550/checkpoints/anomaly_detector_epoch=40_val_loss=0.0931.ckpt",
    "best_model_score": 0.09309542924165726,
    "current_epoch": 407,
    "global_step": 1000000,
    "training_completed": true,
    "timestamp_end": "2026-01-21T00:53:22.067417",
    "final_metrics": {
        "train_loss": 1.183411590943706e-09,
        "train_loss_step": -0.0,
        "train_acc": 1.0,
        "train_acc_step": 1.0,
        "val_loss": 1.685407280921936,
        "val_loss_epoch": 1.685407280921936,
        "val_acc": 0.981940746307373,
        "val_acc_epoch": 0.981940746307373,
        "val_auc": 0.9889605641365051,
        "train_loss_epoch": 1.183411590943706e-09,
        "train_acc_epoch": 1.0,
        "epoch_train_duration_minutes": 0.8063818216323853
    }
}