{
    "checkpoint_path": "logs/run_weak_2k_wloss_seed2_20251224_180656/checkpoints/anomaly_detector_epoch=300_val_loss=0.6927.ckpt",
    "evaluation_timestamp": "20251228_235359",
    "metrics": {
        "roc_auc": 0.758612613,
        "average_precision": 0.42533513262339123,
        "accuracy": 0.599876,
        "sensitivity": 0.82298,
        "specificity": 0.5441,
        "threshold_used": 0.5,
        "optimal_threshold": 0.5027039051055908,
        "confusion_matrix": [
            [
                108820,
                91180
            ],
            [
                8851,
                41149
            ]
        ],
        "classification_report": {
            "Background": {
                "precision": 0.9247818069022954,
                "recall": 0.5441,
                "f1-score": 0.6851113258685874,
                "support": 200000.0
            },
            "Signal": {
                "precision": 0.3109598047291221,
                "recall": 0.82298,
                "f1-score": 0.4513708735308152,
                "support": 50000.0
            },
            "accuracy": 0.599876,
            "macro avg": {
                "precision": 0.6178708058157087,
                "recall": 0.68354,
                "f1-score": 0.5682410996997013,
                "support": 250000.0
            },
            "weighted avg": {
                "precision": 0.8020174064676607,
                "recall": 0.599876,
                "f1-score": 0.6383632354010328,
                "support": 250000.0
            }
        },
        "n_samples": 250000,
        "n_signal": 50000,
        "n_background": 200000
    },
    "device": "cuda:0"
}