{
    "best_model_path": "/.automount/home/home__home3/institut_thp/soshaw/AnomalyDetection/dijet_expts/run_20260201_142803/checkpoints/anomaly_detector_epoch=47_val_loss=0.0942.ckpt",
    "best_model_score": 0.09416144341230392,
    "current_epoch": 407,
    "global_step": 1000000,
    "training_completed": true,
    "timestamp_end": "2026-02-02T09:10:40.354355",
    "final_metrics": {
        "train_loss": 4.994201496799633e-09,
        "train_loss_step": -0.0,
        "train_acc": 1.0,
        "train_acc_step": 1.0,
        "val_loss": 1.7751719951629639,
        "val_loss_epoch": 1.7751719951629639,
        "val_acc": 0.9820444583892822,
        "val_acc_epoch": 0.9820444583892822,
        "val_auc": 0.9894470572471619,
        "train_loss_epoch": 4.994201496799633e-09,
        "train_acc_epoch": 1.0,
        "epoch_train_duration_minutes": 0.693335235118866
    }
}