{
    "checkpoint_path": "dijet_expts/run_supervised_concat_seed109_20260120_010847/checkpoints/anomaly_detector_epoch=101_val_loss=0.1016.ckpt",
    "evaluation_timestamp": "20260203_101043",
    "metrics": {
        "roc_auc": 0.9368987768000001,
        "average_precision": 0.8502232067763036,
        "accuracy": 0.910636,
        "sensitivity": 0.64404,
        "specificity": 0.977285,
        "threshold_used": 0.5,
        "optimal_threshold": 0.05743204802274704,
        "confusion_matrix": [
            [
                195457,
                4543
            ],
            [
                17798,
                32202
            ]
        ],
        "classification_report": {
            "Background": {
                "precision": 0.9165412299828843,
                "recall": 0.977285,
                "f1-score": 0.945938948107101,
                "support": 200000.0
            },
            "Signal": {
                "precision": 0.8763641311743094,
                "recall": 0.64404,
                "f1-score": 0.7424520145253328,
                "support": 50000.0
            },
            "accuracy": 0.910636,
            "macro avg": {
                "precision": 0.8964526805785968,
                "recall": 0.8106625,
                "f1-score": 0.8441954813162169,
                "support": 250000.0
            },
            "weighted avg": {
                "precision": 0.9085058102211694,
                "recall": 0.910636,
                "f1-score": 0.9052415613907473,
                "support": 250000.0
            }
        },
        "n_samples": 250000,
        "n_signal": 50000,
        "n_background": 200000
    },
    "device": "cuda:0"
}