{
    "best_model_path": "/.automount/home/home__home3/institut_thp/soshaw/AnomalyDetection/dijet_expts/run_20260201_150503/checkpoints/anomaly_detector_epoch=34_val_loss=0.0992.ckpt",
    "best_model_score": 0.09922117739915848,
    "current_epoch": 407,
    "global_step": 1000000,
    "training_completed": true,
    "timestamp_end": "2026-02-02T08:37:37.078101",
    "final_metrics": {
        "train_loss": 1.758790613148875e-10,
        "train_loss_step": -0.0,
        "train_acc": 1.0,
        "train_acc_step": 1.0,
        "val_loss": 2.0421504974365234,
        "val_loss_epoch": 2.0421504974365234,
        "val_acc": 0.9817333221435547,
        "val_acc_epoch": 0.9817333221435547,
        "val_auc": 0.9869229197502136,
        "train_loss_epoch": 1.758790613148875e-10,
        "train_acc_epoch": 1.0,
        "epoch_train_duration_minutes": 0.622243344783783
    }
}