{
    "best_model_path": "/.automount/home/home__home3/institut_thp/soshaw/AnomalyDetection/dijet_expts/run_20260131_224446/checkpoints/anomaly_detector_epoch=51_val_loss=0.0940.ckpt",
    "best_model_score": 0.09397787600755692,
    "current_epoch": 407,
    "global_step": 1000000,
    "training_completed": true,
    "timestamp_end": "2026-02-01T15:26:00.329554",
    "final_metrics": {
        "train_loss": 1.5075339587777847e-10,
        "train_loss_step": -0.0,
        "train_acc": 1.0,
        "train_acc_step": 1.0,
        "val_loss": 1.687201976776123,
        "val_loss_epoch": 1.687201976776123,
        "val_acc": 0.9826370477676392,
        "val_acc_epoch": 0.9826370477676392,
        "val_auc": 0.9864250421524048,
        "train_loss_epoch": 1.5075339587777847e-10,
        "train_acc_epoch": 1.0,
        "epoch_train_duration_minutes": 0.6710295081138611
    }
}