{
    "checkpoint_path": "dijet_expts/run_supervised_weightedsum_seed17_20260201_114437/checkpoints/anomaly_detector_epoch=47_val_loss=0.0977.ckpt",
    "evaluation_timestamp": "20260203_093718",
    "metrics": {
        "roc_auc": 0.95096406275,
        "average_precision": 0.8760791999724473,
        "accuracy": 0.920656,
        "sensitivity": 0.73516,
        "specificity": 0.96703,
        "threshold_used": 0.5,
        "optimal_threshold": 0.12705138325691223,
        "confusion_matrix": [
            [
                193406,
                6594
            ],
            [
                13242,
                36758
            ]
        ],
        "classification_report": {
            "Background": {
                "precision": 0.9359200185823235,
                "recall": 0.96703,
                "f1-score": 0.9512207117703764,
                "support": 200000.0
            },
            "Signal": {
                "precision": 0.8478962908285661,
                "recall": 0.73516,
                "f1-score": 0.7875139257862713,
                "support": 50000.0
            },
            "accuracy": 0.920656,
            "macro avg": {
                "precision": 0.8919081547054448,
                "recall": 0.8510949999999999,
                "f1-score": 0.8693673187783238,
                "support": 250000.0
            },
            "weighted avg": {
                "precision": 0.9183152730315721,
                "recall": 0.920656,
                "f1-score": 0.9184793545735553,
                "support": 250000.0
            }
        },
        "n_samples": 250000,
        "n_signal": 50000,
        "n_background": 200000
    },
    "device": "cuda:0"
}