{
    "checkpoint_path": "dijet_expts/run_supervised_concat_seed42_20260120_010550/checkpoints/anomaly_detector_epoch=40_val_loss=0.0931.ckpt",
    "evaluation_timestamp": "20260209_162805",
    "metrics": {
        "roc_auc": 0.9934422089500001,
        "average_precision": 0.9820772237405433,
        "accuracy": 0.966728,
        "sensitivity": 0.95962,
        "specificity": 0.968505,
        "threshold_used": 0.5,
        "optimal_threshold": 0.5159616470336914,
        "confusion_matrix": [
            [
                193701,
                6299
            ],
            [
                2019,
                47981
            ]
        ],
        "classification_report": {
            "Background": {
                "precision": 0.9896842427958308,
                "recall": 0.968505,
                "f1-score": 0.9789800869301526,
                "support": 200000.0
            },
            "Signal": {
                "precision": 0.8839535740604274,
                "recall": 0.95962,
                "f1-score": 0.9202339854238588,
                "support": 50000.0
            },
            "accuracy": 0.966728,
            "macro avg": {
                "precision": 0.9368189084281291,
                "recall": 0.9640625,
                "f1-score": 0.9496070361770057,
                "support": 250000.0
            },
            "weighted avg": {
                "precision": 0.9685381090487502,
                "recall": 0.966728,
                "f1-score": 0.9672308666288939,
                "support": 250000.0
            }
        },
        "n_samples": 250000,
        "n_signal": 50000,
        "n_background": 200000
    },
    "device": "cuda:2"
}