{
    "checkpoint_path": "logs/run_weak_2k_wloss_seed17_20251228_234553/checkpoints/anomaly_detector_epoch=230_val_loss=0.6936.ckpt",
    "evaluation_timestamp": "20260103_132416",
    "metrics": {
        "roc_auc": 0.56950644035,
        "average_precision": 0.21600618463690857,
        "accuracy": 0.2,
        "sensitivity": 1.0,
        "specificity": 0.0,
        "threshold_used": 0.5,
        "optimal_threshold": 0.5015265345573425,
        "confusion_matrix": [
            [
                0,
                200000
            ],
            [
                0,
                50000
            ]
        ],
        "classification_report": {
            "Background": {
                "precision": 0.0,
                "recall": 0.0,
                "f1-score": 0.0,
                "support": 200000.0
            },
            "Signal": {
                "precision": 0.2,
                "recall": 1.0,
                "f1-score": 0.3333333333333333,
                "support": 50000.0
            },
            "accuracy": 0.2,
            "macro avg": {
                "precision": 0.1,
                "recall": 0.5,
                "f1-score": 0.16666666666666666,
                "support": 250000.0
            },
            "weighted avg": {
                "precision": 0.04,
                "recall": 0.2,
                "f1-score": 0.06666666666666665,
                "support": 250000.0
            }
        },
        "n_samples": 250000,
        "n_signal": 50000,
        "n_background": 200000
    },
    "device": "cuda:0"
}