{
    "best_model_path": "/.automount/home/home__home3/institut_thp/soshaw/AnomalyDetection/logs/run_20251229_121939/checkpoints/anomaly_detector_epoch=299_val_loss=0.6917.ckpt",
    "best_model_score": 0.6917258501052856,
    "current_epoch": 300,
    "global_step": 1000000,
    "training_completed": true,
    "timestamp_end": "2025-12-30T01:25:27.167599",
    "final_metrics": {
        "train_loss": 0.6920146346092224,
        "train_loss_step": 0.6636981964111328,
        "train_acc": 0.5867138504981995,
        "train_acc_step": 0.59375,
        "val_loss": 0.6917258501052856,
        "val_loss_epoch": 0.6917258501052856,
        "val_acc": 0.5883169174194336,
        "val_acc_epoch": 0.5883169174194336,
        "val_auc": 0.5118217468261719,
        "train_loss_epoch": 0.6920146346092224,
        "train_acc_epoch": 0.5867138504981995,
        "epoch_train_duration_minutes": 1.405019760131836
    }
}