{
    "checkpoint_path": "dijet_expts/run_supervised_weightedsum_seed2_20260131_224446/checkpoints/anomaly_detector_epoch=51_val_loss=0.0940.ckpt",
    "evaluation_timestamp": "20260203_092201",
    "metrics": {
        "roc_auc": 0.94542365,
        "average_precision": 0.8659444975037336,
        "accuracy": 0.916696,
        "sensitivity": 0.73996,
        "specificity": 0.96088,
        "threshold_used": 0.5,
        "optimal_threshold": 0.13119174540042877,
        "confusion_matrix": [
            [
                192176,
                7824
            ],
            [
                13002,
                36998
            ]
        ],
        "classification_report": {
            "Background": {
                "precision": 0.9366306329138602,
                "recall": 0.96088,
                "f1-score": 0.9486003682332209,
                "support": 200000.0
            },
            "Signal": {
                "precision": 0.8254428628798358,
                "recall": 0.73996,
                "f1-score": 0.780367425281053,
                "support": 50000.0
            },
            "accuracy": 0.916696,
            "macro avg": {
                "precision": 0.8810367478968479,
                "recall": 0.85042,
                "f1-score": 0.8644838967571369,
                "support": 250000.0
            },
            "weighted avg": {
                "precision": 0.9143930789070553,
                "recall": 0.916696,
                "f1-score": 0.9149537796427873,
                "support": 250000.0
            }
        },
        "n_samples": 250000,
        "n_signal": 50000,
        "n_background": 200000
    },
    "device": "cuda:0"
}