{
    "best_model_path": "/.automount/home/home__home3/institut_thp/soshaw/AnomalyDetection/dijet_expts/run_20260121_121143/checkpoints/anomaly_detector_epoch=51_val_loss=0.0924.ckpt",
    "best_model_score": 0.09243906289339066,
    "current_epoch": 407,
    "global_step": 1000000,
    "training_completed": true,
    "timestamp_end": "2026-01-22T10:58:15.455146",
    "final_metrics": {
        "train_loss": 6.306466460159754e-10,
        "train_loss_step": -0.0,
        "train_acc": 1.0,
        "train_acc_step": 1.0,
        "val_loss": 1.3208223581314087,
        "val_loss_epoch": 1.3208223581314087,
        "val_acc": 0.9826074242591858,
        "val_acc_epoch": 0.9826074242591858,
        "val_auc": 0.9894781112670898,
        "train_loss_epoch": 6.306466460159754e-10,
        "train_acc_epoch": 1.0,
        "epoch_train_duration_minutes": 0.8275459408760071
    }
}