{
    "checkpoint_path": "logs/run_weak_5k_wloss_20251203_132838/checkpoints/anomaly_detector_epoch=215_val_loss=0.6297.ckpt",
    "evaluation_timestamp": "20251204_123636",
    "metrics": {
        "roc_auc": 0.9335930583500001,
        "average_precision": 0.8465366800828565,
        "accuracy": 0.868916,
        "sensitivity": 0.35394,
        "specificity": 0.99766,
        "threshold_used": 0.5,
        "optimal_threshold": 0.22279874980449677,
        "confusion_matrix": [
            [
                199532,
                468
            ],
            [
                32303,
                17697
            ]
        ],
        "classification_report": {
            "Background": {
                "precision": 0.8606638341924213,
                "recall": 0.99766,
                "f1-score": 0.9241122187872682,
                "support": 200000.0
            },
            "Signal": {
                "precision": 0.9742361684558216,
                "recall": 0.35394,
                "f1-score": 0.5192400792195409,
                "support": 50000.0
            },
            "accuracy": 0.868916,
            "macro avg": {
                "precision": 0.9174500013241215,
                "recall": 0.6758,
                "f1-score": 0.7216761490034045,
                "support": 250000.0
            },
            "weighted avg": {
                "precision": 0.8833783010451014,
                "recall": 0.868916,
                "f1-score": 0.8431377908737228,
                "support": 250000.0
            }
        },
        "n_samples": 250000,
        "n_signal": 50000,
        "n_background": 200000
    },
    "device": "cuda:0"
}