{
    "checkpoint_path": "dijet_expts/run_supervised_avg_seed17_20260121_121323/checkpoints/anomaly_detector_epoch=43_val_loss=0.0949.ckpt",
    "evaluation_timestamp": "20260203_101236",
    "metrics": {
        "roc_auc": 0.9396693951499999,
        "average_precision": 0.8533628181112317,
        "accuracy": 0.91058,
        "sensitivity": 0.65026,
        "specificity": 0.97566,
        "threshold_used": 0.5,
        "optimal_threshold": 0.07401090115308762,
        "confusion_matrix": [
            [
                195132,
                4868
            ],
            [
                17487,
                32513
            ]
        ],
        "classification_report": {
            "Background": {
                "precision": 0.9177542928900992,
                "recall": 0.97566,
                "f1-score": 0.9458216902275465,
                "support": 200000.0
            },
            "Signal": {
                "precision": 0.8697734143013831,
                "recall": 0.65026,
                "f1-score": 0.7441663519529417,
                "support": 50000.0
            },
            "accuracy": 0.91058,
            "macro avg": {
                "precision": 0.8937638535957412,
                "recall": 0.8129599999999999,
                "f1-score": 0.844994021090244,
                "support": 250000.0
            },
            "weighted avg": {
                "precision": 0.9081581171723561,
                "recall": 0.91058,
                "f1-score": 0.9054906225726255,
                "support": 250000.0
            }
        },
        "n_samples": 250000,
        "n_signal": 50000,
        "n_background": 200000
    },
    "device": "cuda:0"
}